{
    "name": "Dantooine Estate",
    "id": "dantooineestate",
    "ht": "2.0.2",
    "version": 1,
    "components": [
        {
            "name": "Bedroom 1",
            "id": "bedroom_1",
            "native": 1,
            "doorhooks": [
                {
                    "x": 0.035849571228027344,
                    "y": 5.647600173950195,
                    "z": 0.07500000298023224,
                    "rotation": 0,
                    "door": 0,
                    "edge": 20
                }
            ]
        },
        {
            "name": "Bedroom 2",
            "id": "bedroom_2",
            "native": 1,
            "doorhooks": [
                {
                    "x": -0.189239501953125,
                    "y": 5.647599697113037,
                    "z": 0.07499998807907104,
                    "rotation": 0,
                    "door": 0,
                    "edge": 20
                }
            ]
        },
        {
            "name": "Bedroom 3",
            "id": "bedroom_3",
            "native": 1,
            "doorhooks": [
                {
                    "x": 0.41075000166893005,
                    "y": -3.014890193939209,
                    "z": 0.07500000298023224,
                    "rotation": 180,
                    "door": 0,
                    "edge": 20
                }
            ]
        },
        {
            "name": "Enterance 1",
            "id": "enterance_1",
            "native": 1,
            "doorhooks": [
                {
                    "x": -0.0677938461303711,
                    "y": -1.2860666513442993,
                    "z": 0.34589993953704834,
                    "rotation": 180,
                    "door": 1,
                    "edge": 21
                },
                {
                    "x": -0.06779869645833969,
                    "y": 1.5395479202270508,
                    "z": 0.3459000587463379,
                    "rotation": 0,
                    "door": 1,
                    "edge": 20
                }
            ]
        },
        {
            "name": "Foyer 1",
            "id": "foyer_1",
            "native": 1,
            "doorhooks": [
                {
                    "x": 0.02971363067626953,
                    "y": -8.717883110046387,
                    "z": 0.22499847412109375,
                    "rotation": 180,
                    "door": 1,
                    "edge": 23
                },
                {
                    "x": 7.535749912261963,
                    "y": 6.547610282897949,
                    "z": 0.07500000298023224,
                    "rotation": 0,
                    "door": 0,
                    "edge": 22
                },
                {
                    "x": 0.03575000911951065,
                    "y": 6.547610282897949,
                    "z": 0.07500000298023224,
                    "rotation": 0,
                    "door": 0,
                    "edge": 21
                },
                {
                    "x": -7.464250087738037,
                    "y": 6.547610282897949,
                    "z": 0.07500000298023224,
                    "rotation": 0,
                    "door": 0,
                    "edge": 20
                }
            ]
        },
        {
            "name": "Foyer 2",
            "id": "foyer_2",
            "native": 1,
            "doorhooks": [
                {
                    "x": -13.084627151489258,
                    "y": -0.037896156311035156,
                    "z": 7.624497413635254,
                    "rotation": 90,
                    "door": 1,
                    "edge": 22
                },
                {
                    "x": 2.184879779815674,
                    "y": -7.535749912261963,
                    "z": 7.549499034881592,
                    "rotation": 270,
                    "door": 0,
                    "edge": 21
                },
                {
                    "x": 2.1848793029785156,
                    "y": 7.464250087738037,
                    "z": 7.549499034881592,
                    "rotation": 270,
                    "door": 0,
                    "edge": 20
                }
            ]
        },
        {
            "name": "Generic 1",
            "id": "generic_1",
            "native": 1,
            "doorhooks": [
                {
                    "x": -3.5454905033111572,
                    "y": -3.558649778366089,
                    "z": 0.07500004768371582,
                    "rotation": 90,
                    "door": 0,
                    "edge": 21
                },
                {
                    "x": -0.3392496109008789,
                    "y": 7.147600173950195,
                    "z": 0.07500004768371582,
                    "rotation": 0,
                    "door": 0,
                    "edge": 20
                }
            ]
        },
        {
            "name": "Generic 2",
            "id": "generic_2",
            "native": 1,
            "doorhooks": [
                {
                    "x": 3.392000436782837,
                    "y": -5.058650016784668,
                    "z": 0.07500000298023224,
                    "rotation": 270,
                    "door": 0,
                    "edge": 21
                },
                {
                    "x": 0.18575191497802734,
                    "y": 5.647601127624512,
                    "z": 0.07500004768371582,
                    "rotation": 0,
                    "door": 0,
                    "edge": 20
                }
            ]
        },
        {
            "name": "Hall 1",
            "id": "hall_1",
            "native": 1,
            "doorhooks": [
                {
                    "x": -22.90159797668457,
                    "y": 15.178242683410645,
                    "z": 0.07500028610229492,
                    "rotation": 90,
                    "door": 1,
                    "edge": 28
                },
                {
                    "x": -3.3392410278320312,
                    "y": -4.702389717102051,
                    "z": 0.07499980926513672,
                    "rotation": 180,
                    "door": 0,
                    "edge": 27
                },
                {
                    "x": 4.1607513427734375,
                    "y": -4.702390193939209,
                    "z": 0.07499980926513672,
                    "rotation": 180,
                    "door": 0,
                    "edge": 26
                },
                {
                    "x": 11.660751342773438,
                    "y": -4.702390193939209,
                    "z": 0.07499980926513672,
                    "rotation": 180,
                    "door": 0,
                    "edge": 25
                },
                {
                    "x": 11.660751342773438,
                    "y": 4.485109806060791,
                    "z": 0.07499980926513672,
                    "rotation": 0,
                    "door": 0,
                    "edge": 24
                },
                {
                    "x": -3.3391990661621094,
                    "y": 4.485109806060791,
                    "z": 0.07499980926513672,
                    "rotation": 0,
                    "door": 0,
                    "edge": 23
                },
                {
                    "x": -14.045500755310059,
                    "y": 7.691359043121338,
                    "z": 0.07499980926513672,
                    "rotation": 270,
                    "door": 0,
                    "edge": 22
                },
                {
                    "x": -14.045499801635742,
                    "y": 15.191359519958496,
                    "z": 0.07499980926513672,
                    "rotation": 270,
                    "door": 0,
                    "edge": 21
                },
                {
                    "x": -14.045499801635742,
                    "y": 22.691360473632812,
                    "z": 0.07499980926513672,
                    "rotation": 270,
                    "door": 0,
                    "edge": 20
                }
            ]
        },
        {
            "name": "Hall 2",
            "id": "hall_2",
            "native": 1,
            "doorhooks": [
                {
                    "x": -0.33923912048339844,
                    "y": -7.289890289306641,
                    "z": 0.07409997284412384,
                    "rotation": 0,
                    "door": 0,
                    "edge": 21
                },
                {
                    "x": -0.33923912048339844,
                    "y": 5.647600173950195,
                    "z": 0.07500000298023224,
                    "rotation": 0,
                    "door": 0,
                    "edge": 20
                }
            ]
        },
        {
            "name": "Junction 1",
            "id": "junction_1",
            "native": 1,
            "doorhooks": [
                {
                    "x": -9.132949829101562,
                    "y": -0.18365001678466797,
                    "z": 0.07500000298023224,
                    "rotation": 90,
                    "door": 0,
                    "edge": 22
                },
                {
                    "x": -5.214240074157715,
                    "y": -3.389904022216797,
                    "z": 0.07500004768371582,
                    "rotation": 180,
                    "door": 0,
                    "edge": 21
                },
                {
                    "x": 5.491999626159668,
                    "y": -0.1836499571800232,
                    "z": 0.07500004768371582,
                    "rotation": 270,
                    "door": 0,
                    "edge": 20
                }
            ]
        },
        {
            "name": "Junction 2",
            "id": "junction_2",
            "native": 1,
            "doorhooks": [
                {
                    "x": 4.742022514343262,
                    "y": -7.308600425720215,
                    "z": 0.07500004768371582,
                    "rotation": 270,
                    "door": 0,
                    "edge": 21
                },
                {
                    "x": 1.1607599258422852,
                    "y": 5.46012020111084,
                    "z": 0.07410001754760742,
                    "rotation": 0,
                    "door": 0,
                    "edge": 20
                }
            ]
        }
    ],
    "doors": [
        {
            "utd_k1": "door0_k1",
            "utd_k2": "door0_k2",
            "width": 4.5,
            "height": 2.63
        },
        {
            "utd_k1": "door1_k1",
            "utd_k2": "door1_k2",
            "width": 2.18,
            "height": 2.8
        }
    ]
}