{
    "name": "Enclave Surface",
    "id": "enclavesurface",
    "ht": "2.0.2",
    "version": 1,
    "components": [
        {
            "name": "Council 1",
            "id": "council_1",
            "native": 1,
            "doorhooks": [
                {
                    "x": -13.075536727905273,
                    "y": -2.3861703872680664,
                    "z": 0.07500189542770386,
                    "rotation": 90,
                    "door": 0,
                    "edge": 21
                },
                {
                    "x": -3.738100051879883,
                    "y": 6.951299667358398,
                    "z": 0.07500109821557999,
                    "rotation": 0,
                    "door": 0,
                    "edge": 20
                }
            ]
        },
        {
            "name": "Generic 1",
            "id": "generic_1",
            "native": 1,
            "doorhooks": [
                {
                    "x": 0.19472503662109375,
                    "y": -7.830451011657715,
                    "z": 7.701000213623047,
                    "rotation": 180,
                    "door": 0,
                    "edge": 20
                }
            ]
        },
        {
            "name": "Guestroom 1",
            "id": "guestroom_1",
            "native": 1,
            "doorhooks": [
                {
                    "x": -5.339291572570801,
                    "y": 0.039845943450927734,
                    "z": 3.825751543045044,
                    "rotation": 90,
                    "door": 0,
                    "edge": 20
                }
            ]
        },
        {
            "name": "Hall 1",
            "id": "hall_1",
            "native": 1,
            "doorhooks": [
                {
                    "x": -4.476789474487305,
                    "y": -17.959964752197266,
                    "z": 3.8257503509521484,
                    "rotation": 90,
                    "door": 0,
                    "edge": 25
                },
                {
                    "x": -4.476789951324463,
                    "y": -25.459980010986328,
                    "z": 3.8257503509521484,
                    "rotation": 90,
                    "door": 0,
                    "edge": 24
                },
                {
                    "x": 5.1607160568237305,
                    "y": -25.459980010986328,
                    "z": 3.8257503509521484,
                    "rotation": 270,
                    "door": 0,
                    "edge": 23
                },
                {
                    "x": 5.160717964172363,
                    "y": -17.959980010986328,
                    "z": 3.8257503509521484,
                    "rotation": 270,
                    "door": 0,
                    "edge": 22
                },
                {
                    "x": 5.160717964172363,
                    "y": -10.459980010986328,
                    "z": 3.8257503509521484,
                    "rotation": 270,
                    "door": 0,
                    "edge": 21
                },
                {
                    "x": 20.910717010498047,
                    "y": 5.590015411376953,
                    "z": 0.07499980926513672,
                    "rotation": 270,
                    "door": 0,
                    "edge": 20
                }
            ]
        },
        {
            "name": "Hall 2",
            "id": "hall_2",
            "native": 1,
            "doorhooks": [
                {
                    "x": 27.825668334960938,
                    "y": -16.759986877441406,
                    "z": 5.076005935668945,
                    "rotation": 270,
                    "door": 0,
                    "edge": 21
                },
                {
                    "x": -13.311805725097656,
                    "y": 0.3400115966796875,
                    "z": 0.07500028610229492,
                    "rotation": 90,
                    "door": 0,
                    "edge": 20
                }
            ]
        },
        {
            "name": "Hall 3",
            "id": "hall_3",
            "native": 1,
            "doorhooks": [
                {
                    "x": 0.4244403839111328,
                    "y": -8.146238327026367,
                    "z": 4.470348358154297e-08,
                    "rotation": 0,
                    "door": 0,
                    "edge": 21
                },
                {
                    "x": 0.424440860748291,
                    "y": 8.39124870300293,
                    "z": 4.470348358154297e-08,
                    "rotation": 0,
                    "door": 0,
                    "edge": 20
                }
            ]
        },
        {
            "name": "Hall 4",
            "id": "hall_4",
            "native": 1,
            "doorhooks": [
                {
                    "x": 0.4244852066040039,
                    "y": 0.5387992858886719,
                    "z": 0.0750003457069397,
                    "rotation": 180,
                    "door": 0,
                    "edge": 21
                },
                {
                    "x": 0.4244852066040039,
                    "y": 9.57629108428955,
                    "z": 0.07500024884939194,
                    "rotation": 0,
                    "door": 0,
                    "edge": 20
                }
            ]
        },
        {
            "name": "Hangar 01",
            "id": "hangar_01",
            "native": 1,
            "doorhooks": [
                {
                    "x": -14.805279731750488,
                    "y": -29.439350128173828,
                    "z": 7.701004981994629,
                    "rotation": 180,
                    "door": 0,
                    "edge": 25
                },
                {
                    "x": 32.16529846191406,
                    "y": -29.439350128173828,
                    "z": 7.701004981994629,
                    "rotation": 180,
                    "door": 0,
                    "edge": 24
                },
                {
                    "x": 59.28436279296875,
                    "y": -0.2599906921386719,
                    "z": 7.701004981994629,
                    "rotation": 270,
                    "door": 0,
                    "edge": 23
                },
                {
                    "x": 32.1652946472168,
                    "y": 28.91954803466797,
                    "z": 7.701000690460205,
                    "rotation": 0,
                    "door": 0,
                    "edge": 22
                },
                {
                    "x": -14.805233001708984,
                    "y": 28.919567108154297,
                    "z": 7.701004981994629,
                    "rotation": 0,
                    "door": 0,
                    "edge": 21
                },
                {
                    "x": -41.92435073852539,
                    "y": -0.2600064277648926,
                    "z": 5.076005458831787,
                    "rotation": 90,
                    "door": 0,
                    "edge": 20
                }
            ]
        },
        {
            "name": "Hangar 2",
            "id": "hangar_2",
            "native": 1,
            "doorhooks": [
                {
                    "x": -14.805279731750488,
                    "y": -29.439350128173828,
                    "z": 7.701004981994629,
                    "rotation": 180,
                    "door": 0,
                    "edge": 25
                },
                {
                    "x": 32.16529846191406,
                    "y": -29.439350128173828,
                    "z": 7.701004981994629,
                    "rotation": 180,
                    "door": 0,
                    "edge": 24
                },
                {
                    "x": 59.28436279296875,
                    "y": -0.2599906921386719,
                    "z": 7.701004981994629,
                    "rotation": 270,
                    "door": 0,
                    "edge": 23
                },
                {
                    "x": 32.1652946472168,
                    "y": 28.91954803466797,
                    "z": 7.701000690460205,
                    "rotation": 0,
                    "door": 0,
                    "edge": 22
                },
                {
                    "x": -14.805233001708984,
                    "y": 28.919567108154297,
                    "z": 7.701004981994629,
                    "rotation": 0,
                    "door": 0,
                    "edge": 21
                },
                {
                    "x": -41.92435073852539,
                    "y": -0.2600064277648926,
                    "z": 5.076005458831787,
                    "rotation": 90,
                    "door": 0,
                    "edge": 20
                }
            ]
        },
        {
            "name": "Junction 1",
            "id": "junction_1",
            "native": 1,
            "doorhooks": [
                {
                    "x": -18.089279174804688,
                    "y": 0.34003448486328125,
                    "z": 0.0750000849366188,
                    "rotation": 90,
                    "door": 0,
                    "edge": 23
                },
                {
                    "x": 0.4244556427001953,
                    "y": -18.173707962036133,
                    "z": 0.07499996572732925,
                    "rotation": 180,
                    "door": 0,
                    "edge": 22
                },
                {
                    "x": 18.938186645507812,
                    "y": 0.34001922607421875,
                    "z": 0.07499992847442627,
                    "rotation": 270,
                    "door": 0,
                    "edge": 21
                },
                {
                    "x": 0.42446768283843994,
                    "y": 18.853759765625,
                    "z": 1.1920928955078125e-07,
                    "rotation": 0,
                    "door": 0,
                    "edge": 20
                }
            ]
        },
        {
            "name": "Junction 2",
            "id": "junction_2",
            "native": 1,
            "doorhooks": [
                {
                    "x": -4.394289970397949,
                    "y": -3.979970932006836,
                    "z": 0.07500055432319641,
                    "rotation": 90,
                    "door": 0,
                    "edge": 22
                },
                {
                    "x": 5.243200302124023,
                    "y": -3.9799699783325195,
                    "z": 0.07500059902667999,
                    "rotation": 270,
                    "door": 0,
                    "edge": 21
                },
                {
                    "x": 0.4244852066040039,
                    "y": 0.5387989282608032,
                    "z": 0.0750003457069397,
                    "rotation": 0,
                    "door": 0,
                    "edge": 20
                }
            ]
        },
        {
            "name": "Junction 3",
            "id": "junction_3",
            "native": 1,
            "doorhooks": [
                {
                    "x": -3.738069534301758,
                    "y": -5.048700332641602,
                    "z": 0.07500109821557999,
                    "rotation": 180,
                    "door": 0,
                    "edge": 21
                },
                {
                    "x": -8.256789207458496,
                    "y": -0.22996997833251953,
                    "z": 0.07500015199184418,
                    "rotation": 90,
                    "door": 0,
                    "edge": 20
                }
            ]
        },
        {
            "name": "Junction 4",
            "id": "junction_4",
            "native": 1,
            "doorhooks": [
                {
                    "x": -3.66302490234375,
                    "y": -4.298695087432861,
                    "z": 0.07500080019235611,
                    "rotation": 180,
                    "door": 0,
                    "edge": 21
                },
                {
                    "x": 8.355749130249023,
                    "y": 0.5200300216674805,
                    "z": 0.07500055432319641,
                    "rotation": 270,
                    "door": 0,
                    "edge": 20
                }
            ]
        },
        {
            "name": "Training 1",
            "id": "training_1",
            "native": 1,
            "doorhooks": [
                {
                    "x": 13.924479484558105,
                    "y": -2.3862104415893555,
                    "z": 0.07500219345092773,
                    "rotation": 270,
                    "door": 0,
                    "edge": 21
                },
                {
                    "x": -2.9130046367645264,
                    "y": 6.951300621032715,
                    "z": 0.07500100135803223,
                    "rotation": 0,
                    "door": 0,
                    "edge": 20
                }
            ]
        }
    ],
    "doors": [
        {
            "utd_k1": "door0_k1",
            "utd_k2": "door0_k2",
            "width": 6.6,
            "height": 2.5
        }
    ]
}