{
    "name": "Sith Base",
    "id": "sithbase",
    "ht": "2.0.2",
    "version": 1,
    "components": [
        {
            "name": "Armory 1",
            "id": "armory_1",
            "native": 1,
            "doorhooks": [
                {
                    "x": 0.42811599373817444,
                    "y": 7.776559829711914,
                    "z": 9.000000136438757e-05,
                    "rotation": 0,
                    "door": 0,
                    "edge": 20
                }
            ]
        },
        {
            "name": "Barracks 1",
            "id": "barracks_1",
            "native": 1,
            "doorhooks": [
                {
                    "x": -6.541166305541992,
                    "y": -0.09552991390228271,
                    "z": 0.0002300739288330078,
                    "rotation": 90,
                    "door": 0,
                    "edge": 20
                }
            ]
        },
        {
            "name": "Buffer 2",
            "id": "buffer_2",
            "native": 1,
            "doorhooks": [
                {
                    "x": -12.394332885742188,
                    "y": -0.13096320629119873,
                    "z": -0.00016999244689941406,
                    "rotation": 90,
                    "door": 0,
                    "edge": 21
                },
                {
                    "x": 13.177400588989258,
                    "y": -0.14023680984973907,
                    "z": -0.00016999244689941406,
                    "rotation": 270,
                    "door": 0,
                    "edge": 20
                }
            ]
        },
        {
            "name": "Control 1",
            "id": "control_1",
            "native": 1,
            "doorhooks": [
                {
                    "x": -6.860354423522949,
                    "y": 5.570732116699219,
                    "z": 0.0001100301742553711,
                    "rotation": 90,
                    "door": 0,
                    "edge": 20
                }
            ]
        },
        {
            "name": "Control 2",
            "id": "control_2",
            "native": 1,
            "doorhooks": [
                {
                    "x": 10.958158493041992,
                    "y": -0.3884616494178772,
                    "z": -0.00010013580322265625,
                    "rotation": 270,
                    "door": 0,
                    "edge": 21
                },
                {
                    "x": 8.255887985229492,
                    "y": 14.84666633605957,
                    "z": 0.001450181007385254,
                    "rotation": 321,
                    "door": 1,
                    "edge": 20
                }
            ]
        },
        {
            "name": "Disassembly 1",
            "id": "disassembly_1",
            "native": 1,
            "doorhooks": [
                {
                    "x": 7.9672698974609375,
                    "y": 0.002207030076533556,
                    "z": 0.0014682799810543656,
                    "rotation": 270,
                    "door": 1,
                    "edge": 20
                }
            ]
        },
        {
            "name": "Disassembly 2",
            "id": "disassembly_2",
            "native": 1,
            "doorhooks": [
                {
                    "x": 7.960055828094482,
                    "y": -0.0022000744938850403,
                    "z": -6.008148193359375e-05,
                    "rotation": 270,
                    "door": 0,
                    "edge": 20
                }
            ]
        },
        {
            "name": "Elevator 1",
            "id": "elevator_1",
            "native": 1,
            "doorhooks": [
                {
                    "x": 0.13482850790023804,
                    "y": 2.649224281311035,
                    "z": -1.1920928955078125e-07,
                    "rotation": 0,
                    "door": 0,
                    "edge": 20
                }
            ]
        },
        {
            "name": "Generic 1",
            "id": "generic_1",
            "native": 1,
            "doorhooks": [
                {
                    "x": 4.532442092895508,
                    "y": 0.16004329919815063,
                    "z": -1.0132789611816406e-05,
                    "rotation": 270,
                    "door": 0,
                    "edge": 20
                }
            ]
        },
        {
            "name": "Generic 2",
            "id": "generic_2",
            "native": 1,
            "doorhooks": [
                {
                    "x": 0.04432320594787598,
                    "y": -5.613683700561523,
                    "z": -1.1920928955078125e-07,
                    "rotation": 180,
                    "door": 0,
                    "edge": 20
                }
            ]
        },
        {
            "name": "Hall 1",
            "id": "hall_1",
            "native": 1,
            "doorhooks": [
                {
                    "x": 0.005112290382385254,
                    "y": -4.745351791381836,
                    "z": -9.012222290039062e-05,
                    "rotation": 180,
                    "door": 0,
                    "edge": 21
                },
                {
                    "x": 0.010846078395843506,
                    "y": 5.039820194244385,
                    "z": -2.384185791015625e-07,
                    "rotation": 0,
                    "door": 0,
                    "edge": 20
                }
            ]
        },
        {
            "name": "Hall 10",
            "id": "hall_10",
            "native": 1,
            "doorhooks": [
                {
                    "x": -4.178823947906494,
                    "y": 15.584930419921875,
                    "z": -0.00016999244689941406,
                    "rotation": 90,
                    "door": 0,
                    "edge": 24
                },
                {
                    "x": -4.178823471069336,
                    "y": -6.913845062255859,
                    "z": -9.012222290039062e-05,
                    "rotation": 90,
                    "door": 0,
                    "edge": 23
                },
                {
                    "x": -16.862483978271484,
                    "y": -45.92615509033203,
                    "z": 9.775161743164062e-06,
                    "rotation": 90,
                    "door": 0,
                    "edge": 22
                },
                {
                    "x": 4.415180206298828,
                    "y": -27.1471004486084,
                    "z": 0.001595880021341145,
                    "rotation": 270,
                    "door": 0,
                    "edge": 21
                },
                {
                    "x": 16.868349075317383,
                    "y": 36.29596710205078,
                    "z": -0.0003800092963501811,
                    "rotation": 270,
                    "door": 0,
                    "edge": 20
                }
            ]
        },
        {
            "name": "Hall 2",
            "id": "hall_2",
            "native": 1,
            "doorhooks": [
                {
                    "x": -3.880967855453491,
                    "y": -6.391940593719482,
                    "z": -0.00016987323760986328,
                    "rotation": 90,
                    "door": 0,
                    "edge": 23
                },
                {
                    "x": 0.41190648078918457,
                    "y": -14.667226791381836,
                    "z": -1.1920928955078125e-07,
                    "rotation": 180,
                    "door": 0,
                    "edge": 22
                },
                {
                    "x": 4.71316385269165,
                    "y": 4.8274359703063965,
                    "z": -0.00014984607696533203,
                    "rotation": 270,
                    "door": 0,
                    "edge": 21
                },
                {
                    "x": 0.42117995023727417,
                    "y": 17.57900619506836,
                    "z": 5.996227264404297e-05,
                    "rotation": 0,
                    "door": 0,
                    "edge": 20
                }
            ]
        },
        {
            "name": "Hall 3",
            "id": "hall_3",
            "native": 1,
            "doorhooks": [
                {
                    "x": -3.834569215774536,
                    "y": -6.597348213195801,
                    "z": 2.9802322387695312e-05,
                    "rotation": 90,
                    "door": 0,
                    "edge": 22
                },
                {
                    "x": 0.458088219165802,
                    "y": -19.350526809692383,
                    "z": -6.008148193359375e-05,
                    "rotation": 180,
                    "door": 0,
                    "edge": 21
                },
                {
                    "x": -16.293445587158203,
                    "y": 14.122118949890137,
                    "z": 0.0013294219970703125,
                    "rotation": 90,
                    "door": 0,
                    "edge": 20
                }
            ]
        },
        {
            "name": "Hall 4",
            "id": "hall_4",
            "native": 1,
            "doorhooks": [
                {
                    "x": -3.990230083465576,
                    "y": 1.1372300386428833,
                    "z": -9.999999747378752e-05,
                    "rotation": 90,
                    "door": 0,
                    "edge": 23
                },
                {
                    "x": 0.3010590076446533,
                    "y": -18.36440086364746,
                    "z": 0.00014000000373926014,
                    "rotation": 180,
                    "door": 0,
                    "edge": 22
                },
                {
                    "x": 4.602991104125977,
                    "y": -5.619592189788818,
                    "z": 0.0002300739288330078,
                    "rotation": 270,
                    "door": 0,
                    "edge": 21
                },
                {
                    "x": 17.060226440429688,
                    "y": 15.09627914428711,
                    "z": 0.0001499652862548828,
                    "rotation": 270,
                    "door": 0,
                    "edge": 20
                }
            ]
        },
        {
            "name": "Hall 5",
            "id": "hall_5",
            "native": 1,
            "doorhooks": [
                {
                    "x": -14.416778564453125,
                    "y": -12.662726402282715,
                    "z": 4.00543212890625e-05,
                    "rotation": 141,
                    "door": 0,
                    "edge": 21
                },
                {
                    "x": 17.204925537109375,
                    "y": -6.281052589416504,
                    "z": 5.009770393371582e-05,
                    "rotation": 205,
                    "door": 1,
                    "edge": 20
                }
            ]
        },
        {
            "name": "Hall 6",
            "id": "hall_6",
            "native": 1,
            "doorhooks": [
                {
                    "x": -13.111499786376953,
                    "y": 4.574079990386963,
                    "z": -0.00041000000783242285,
                    "rotation": 0,
                    "door": 0,
                    "edge": 23
                },
                {
                    "x": -4.847189903259277,
                    "y": -12.4443998336792,
                    "z": -0.0003000000142492354,
                    "rotation": 90,
                    "door": 0,
                    "edge": 22
                },
                {
                    "x": 12.1628999710083,
                    "y": -4.174069881439209,
                    "z": -0.00041000000783242285,
                    "rotation": 180,
                    "door": 0,
                    "edge": 21
                },
                {
                    "x": 3.9029500484466553,
                    "y": 12.831500053405762,
                    "z": -0.00041000000783242285,
                    "rotation": 270,
                    "door": 0,
                    "edge": 20
                }
            ]
        },
        {
            "name": "Hall 7",
            "id": "hall_7",
            "native": 1,
            "doorhooks": [
                {
                    "x": 0.2817310094833374,
                    "y": -8.323019981384277,
                    "z": -0.0003001689910888672,
                    "rotation": 180,
                    "door": 0,
                    "edge": 21
                },
                {
                    "x": 0.29287511110305786,
                    "y": 8.17422866821289,
                    "z": -2.384185791015625e-07,
                    "rotation": 0,
                    "door": 0,
                    "edge": 20
                }
            ]
        },
        {
            "name": "Hall 8",
            "id": "hall_8",
            "native": 1,
            "doorhooks": [
                {
                    "x": 13.399276733398438,
                    "y": -1.040981650352478,
                    "z": -0.0002200603485107422,
                    "rotation": 270,
                    "door": 0,
                    "edge": 21
                },
                {
                    "x": -4.723407745361328,
                    "y": 12.772666931152344,
                    "z": -0.00024008750915527344,
                    "rotation": 0,
                    "door": 0,
                    "edge": 20
                }
            ]
        },
        {
            "name": "Hall 9",
            "id": "hall_9",
            "native": 1,
            "doorhooks": [
                {
                    "x": -3.559497833251953,
                    "y": 10.508769035339355,
                    "z": -0.0002999305725097656,
                    "rotation": 90,
                    "door": 1,
                    "edge": 23
                },
                {
                    "x": -14.518401145935059,
                    "y": -14.492779731750488,
                    "z": -0.0005700588226318359,
                    "rotation": 180,
                    "door": 0,
                    "edge": 22
                },
                {
                    "x": 5.029354095458984,
                    "y": 10.509958267211914,
                    "z": -0.00011992454528808594,
                    "rotation": 270,
                    "door": 0,
                    "edge": 21
                },
                {
                    "x": 0.741971492767334,
                    "y": 20.28709602355957,
                    "z": -0.00029015541076660156,
                    "rotation": 0,
                    "door": 0,
                    "edge": 20
                }
            ]
        },
        {
            "name": "Junction 1",
            "id": "junction_1",
            "native": 1,
            "doorhooks": [
                {
                    "x": 18.762596130371094,
                    "y": -3.208056688308716,
                    "z": -4.9948692321777344e-05,
                    "rotation": 270,
                    "door": 0,
                    "edge": 21
                },
                {
                    "x": -0.47110092639923096,
                    "y": -6.56624174118042,
                    "z": 9.999999747378752e-06,
                    "rotation": 180,
                    "door": 0,
                    "edge": 22
                },
                {
                    "x": -0.4581516683101654,
                    "y": 7.562041282653809,
                    "z": -1.1920928955078125e-07,
                    "rotation": 0,
                    "door": 0,
                    "edge": 20
                },
                {
                    "x": -11.845720291137695,
                    "y": 4.452738285064697,
                    "z": 4.9948692321777344e-05,
                    "rotation": 25,
                    "door": 1,
                    "edge": 24
                },
                {
                    "x": -19.69743537902832,
                    "y": -3.2022151947021484,
                    "z": -2.014636993408203e-05,
                    "rotation": 90,
                    "door": 0,
                    "edge": 23
                }
            ]
        },
        {
            "name": "Junction 2",
            "id": "junction_2",
            "native": 1,
            "doorhooks": [
                {
                    "x": -0.35198158025741577,
                    "y": -7.105464935302734,
                    "z": -1.1920928955078125e-07,
                    "rotation": 180,
                    "door": 0,
                    "edge": 21
                },
                {
                    "x": -0.3434380292892456,
                    "y": 5.292278289794922,
                    "z": -1.1920928955078125e-07,
                    "rotation": 0,
                    "door": 0,
                    "edge": 20
                }
            ]
        },
        {
            "name": "Junction 3",
            "id": "junction_3",
            "native": 1,
            "doorhooks": [
                {
                    "x": 5.977107048034668,
                    "y": 0.46885406970977783,
                    "z": -0.00019979476928710938,
                    "rotation": 270,
                    "door": 1,
                    "edge": 21
                },
                {
                    "x": 2.743931531906128,
                    "y": 7.927922248840332,
                    "z": -0.00020003318786621094,
                    "rotation": 0,
                    "door": 0,
                    "edge": 20
                },
                {
                    "x": 2.7346577644348145,
                    "y": -6.980180740356445,
                    "z": -0.00020003318786621094,
                    "rotation": 180,
                    "door": 0,
                    "edge": 22
                }
            ]
        },
        {
            "name": "Junction 4",
            "id": "junction_4",
            "native": 1,
            "doorhooks": [
                {
                    "x": 0.19142599403858185,
                    "y": -10.065400123596191,
                    "z": 0.0012631999561563134,
                    "rotation": 180,
                    "door": 0,
                    "edge": 21
                },
                {
                    "x": 0.1932709962129593,
                    "y": 8.585909843444824,
                    "z": 0.0012631999561563134,
                    "rotation": 0,
                    "door": 0,
                    "edge": 20
                }
            ]
        },
        {
            "name": "Junction 5",
            "id": "junction_5",
            "native": 1,
            "doorhooks": [
                {
                    "x": -18.85689926147461,
                    "y": -1.853369951248169,
                    "z": 0.0012769299792125821,
                    "rotation": 90,
                    "door": 0,
                    "edge": 23
                },
                {
                    "x": 0.3813133239746094,
                    "y": -5.225975036621094,
                    "z": -0.00021028518676757812,
                    "rotation": 180,
                    "door": 0,
                    "edge": 21
                },
                {
                    "x": 19.614042282104492,
                    "y": -1.8677914142608643,
                    "z": -0.0002701282501220703,
                    "rotation": 270,
                    "door": 0,
                    "edge": 20
                }
            ]
        },
        {
            "name": "Medical 1",
            "id": "medical_1",
            "native": 1,
            "doorhooks": [
                {
                    "x": 5.211699962615967,
                    "y": -6.043789863586426,
                    "z": -2.384185791015625e-07,
                    "rotation": 270,
                    "door": 0,
                    "edge": 20
                }
            ]
        },
        {
            "name": "Reception 1",
            "id": "reception_1",
            "native": 1,
            "doorhooks": [
                {
                    "x": -0.9436314702033997,
                    "y": 8.361791610717773,
                    "z": -1.1920928955078125e-07,
                    "rotation": 0,
                    "door": 0,
                    "edge": 20
                },
                {
                    "x": -10.279119491577148,
                    "y": 2.0202865600585938,
                    "z": -1.1920928955078125e-07,
                    "rotation": 90,
                    "door": 0,
                    "edge": 23
                },
                {
                    "x": -0.9547550678253174,
                    "y": -10.267322540283203,
                    "z": -1.1920928955078125e-07,
                    "rotation": 180,
                    "door": 0,
                    "edge": 22
                },
                {
                    "x": 8.379802703857422,
                    "y": 2.0110132694244385,
                    "z": -1.1920928955078125e-07,
                    "rotation": 270,
                    "door": 0,
                    "edge": 21
                }
            ]
        }
    ],
    "doors": [
        {
            "utd_k1": "door0_k1",
            "utd_k2": "door0_k2",
            "width": 4.49,
            "height": 2.9
        },
        {
            "utd_k1": "door1_k1",
            "utd_k2": "door1_k2",
            "width": 3.75,
            "height": 2.9
        }
    ]
}