{
    "name": "Black Vulkar",
    "id": "blackvulkar",
    "ht": "3.0.0",
    "version": 1,
    "components": [
        {
            "name": "Elevator 1",
            "id": "elevator_1",
            "native": 1,
            "doorhooks": [
                {
                    "x": 0.22539234161376953,
                    "y": -2.687101364135742,
                    "z": 0.0432300865650177,
                    "rotation": 180,
                    "door": 0,
                    "edge": 20
                }
            ]
        },
        {
            "name": "Hallway 1",
            "id": "hallway_1",
            "native": 1,
            "doorhooks": [
                {
                    "x": 0.05573225021362305,
                    "y": -10.166539192199707,
                    "z": 0.04322999715805054,
                    "rotation": 180,
                    "door": 0,
                    "edge": 21
                },
                {
                    "x": 0.06222224235534668,
                    "y": 8.969554901123047,
                    "z": 0.04322993755340576,
                    "rotation": 0,
                    "door": 0,
                    "edge": 20
                }
            ]
        },
        {
            "name": "Hallway 2",
            "id": "hallway_2",
            "native": 1,
            "doorhooks": [
                {
                    "x": 11.329605102539062,
                    "y": -0.91717529296875,
                    "z": 0.04323434829711914,
                    "rotation": 270,
                    "door": 0,
                    "edge": 21
                },
                {
                    "x": -6.314483642578125,
                    "y": 3.9640960693359375,
                    "z": 0.04323291778564453,
                    "rotation": 0,
                    "door": 0,
                    "edge": 20
                }
            ]
        },
        {
            "name": "Junction 1",
            "id": "junction_1",
            "native": 1,
            "doorhooks": [
                {
                    "x": -20.46384048461914,
                    "y": 0.8093216419219971,
                    "z": 0.04324030876159668,
                    "rotation": 90,
                    "door": 0,
                    "edge": 24
                },
                {
                    "x": -12.21996021270752,
                    "y": -4.26682186126709,
                    "z": 0.04313051700592041,
                    "rotation": 180,
                    "door": 0,
                    "edge": 23
                },
                {
                    "x": 4.0300397872924805,
                    "y": -20.3912410736084,
                    "z": 0.04324066638946533,
                    "rotation": 180,
                    "door": 0,
                    "edge": 22
                },
                {
                    "x": 8.037742614746094,
                    "y": -15.333934783935547,
                    "z": 0.04456973075866699,
                    "rotation": 270,
                    "door": 0,
                    "edge": 21
                },
                {
                    "x": -12.215017318725586,
                    "y": 5.866982460021973,
                    "z": 0.04325056076049805,
                    "rotation": 0,
                    "door": 0,
                    "edge": 20
                }
            ]
        },
        {
            "name": "Junction 2",
            "id": "junction_2",
            "native": 1,
            "doorhooks": [
                {
                    "x": -21.48390007019043,
                    "y": 14.401001930236816,
                    "z": 0.04323020577430725,
                    "rotation": 90,
                    "door": 0,
                    "edge": 27
                },
                {
                    "x": -3.8553600311279297,
                    "y": -5.477469444274902,
                    "z": 0.0432300865650177,
                    "rotation": 180,
                    "door": 0,
                    "edge": 26
                },
                {
                    "x": 7.394591331481934,
                    "y": -5.47745943069458,
                    "z": 0.0432300865650177,
                    "rotation": 180,
                    "door": 0,
                    "edge": 25
                },
                {
                    "x": 19.964738845825195,
                    "y": -5.471102237701416,
                    "z": 0.043240100145339966,
                    "rotation": 180,
                    "door": 0,
                    "edge": 24
                },
                {
                    "x": 19.21224021911621,
                    "y": 4.655354976654053,
                    "z": 0.04322996735572815,
                    "rotation": 0,
                    "door": 0,
                    "edge": 23
                },
                {
                    "x": 7.394591331481934,
                    "y": 4.655354976654053,
                    "z": 0.04322996735572815,
                    "rotation": 0,
                    "door": 0,
                    "edge": 22
                },
                {
                    "x": -3.8568592071533203,
                    "y": 4.655355453491211,
                    "z": 0.04322996735572815,
                    "rotation": 0,
                    "door": 0,
                    "edge": 21
                },
                {
                    "x": -16.410261154174805,
                    "y": 24.89902114868164,
                    "z": 0.04324007034301758,
                    "rotation": 0,
                    "door": 0,
                    "edge": 20
                }
            ]
        },
        {
            "name": "Large Room 1",
            "id": "large_room_1",
            "native": 1,
            "doorhooks": [
                {
                    "x": -19.530601501464844,
                    "y": -3.5161590576171875,
                    "z": 0.043239593505859375,
                    "rotation": 90,
                    "door": 0,
                    "edge": 24
                },
                {
                    "x": -10.894805908203125,
                    "y": -9.045387268066406,
                    "z": 0.043199777603149414,
                    "rotation": 180,
                    "door": 0,
                    "edge": 23
                },
                {
                    "x": 11.601242065429688,
                    "y": -30.60980987548828,
                    "z": 0.04322981834411621,
                    "rotation": 180,
                    "door": 0,
                    "edge": 22
                },
                {
                    "x": 28.464645385742188,
                    "y": -18.975112915039062,
                    "z": 0.05072975158691406,
                    "rotation": 270,
                    "door": 0,
                    "edge": 21
                },
                {
                    "x": 28.47662353515625,
                    "y": 4.0491943359375,
                    "z": 0.04323005676269531,
                    "rotation": 270,
                    "door": 0,
                    "edge": 20
                }
            ]
        },
        {
            "name": "Office 1",
            "id": "office_1",
            "native": 1,
            "doorhooks": [
                {
                    "x": -20.466217041015625,
                    "y": 0.8092575073242188,
                    "z": 0.04322481155395508,
                    "rotation": 90,
                    "door": 0,
                    "edge": 24
                },
                {
                    "x": -12.21990966796875,
                    "y": -4.269195556640625,
                    "z": 0.04315495491027832,
                    "rotation": 180,
                    "door": 0,
                    "edge": 23
                },
                {
                    "x": 4.030117988586426,
                    "y": -20.393613815307617,
                    "z": 0.043235063552856445,
                    "rotation": 180,
                    "door": 0,
                    "edge": 22
                },
                {
                    "x": 8.040115356445312,
                    "y": -15.333854675292969,
                    "z": 0.04456472396850586,
                    "rotation": 270,
                    "door": 0,
                    "edge": 21
                },
                {
                    "x": -12.215095520019531,
                    "y": 5.869354248046875,
                    "z": 0.04324460029602051,
                    "rotation": 0,
                    "door": 0,
                    "edge": 20
                }
            ]
        },
        {
            "name": "Room 1",
            "id": "room_1",
            "native": 1,
            "doorhooks": [
                {
                    "x": -0.05382096767425537,
                    "y": -12.787863731384277,
                    "z": 0.04322969913482666,
                    "rotation": 180,
                    "door": 0,
                    "edge": 20
                }
            ]
        },
        {
            "name": "Room 2",
            "id": "room_2",
            "native": 1,
            "doorhooks": [
                {
                    "x": 14.026443481445312,
                    "y": 0.26737213134765625,
                    "z": 2.293229818344116,
                    "rotation": 0,
                    "door": 0,
                    "edge": 21
                },
                {
                    "x": -2.221099853515625,
                    "y": 16.392059326171875,
                    "z": 2.293229818344116,
                    "rotation": 0,
                    "door": 0,
                    "edge": 20
                }
            ]
        },
        {
            "name": "Room 3",
            "id": "room_3",
            "native": 1,
            "doorhooks": [
                {
                    "x": -3.1996004581451416,
                    "y": -6.816003322601318,
                    "z": 0.04323011636734009,
                    "rotation": 180,
                    "door": 0,
                    "edge": 22
                },
                {
                    "x": 4.648470878601074,
                    "y": 3.1256284713745117,
                    "z": 0.04322999715805054,
                    "rotation": 270,
                    "door": 0,
                    "edge": 21
                },
                {
                    "x": -2.855858564376831,
                    "y": 6.554410934448242,
                    "z": 0.043229877948760986,
                    "rotation": 0,
                    "door": 0,
                    "edge": 20
                }
            ]
        },
        {
            "name": "Room 4",
            "id": "room_4",
            "native": 1,
            "doorhooks": [
                {
                    "x": -5.35516357421875,
                    "y": -2.8716812133789062,
                    "z": 0.04323005676269531,
                    "rotation": 90,
                    "door": 0,
                    "edge": 22
                },
                {
                    "x": -1.600921630859375,
                    "y": -12.813949584960938,
                    "z": 0.04323267936706543,
                    "rotation": 180,
                    "door": 0,
                    "edge": 21
                },
                {
                    "x": -1.6013946533203125,
                    "y": 14.175590515136719,
                    "z": 0.04323005676269531,
                    "rotation": 0,
                    "door": 0,
                    "edge": 20
                }
            ]
        },
        {
            "name": "Room 5",
            "id": "room_5",
            "native": 1,
            "doorhooks": [
                {
                    "x": -5.355172634124756,
                    "y": -2.8716907501220703,
                    "z": 0.043230295181274414,
                    "rotation": 90,
                    "door": 0,
                    "edge": 22
                },
                {
                    "x": -1.6006803512573242,
                    "y": -12.819578170776367,
                    "z": 0.04323995113372803,
                    "rotation": 180,
                    "door": 0,
                    "edge": 21
                },
                {
                    "x": -1.6013896465301514,
                    "y": 14.175591468811035,
                    "z": 0.04322999715805054,
                    "rotation": 0,
                    "door": 0,
                    "edge": 20
                }
            ]
        },
        {
            "name": "Room 6",
            "id": "room_6",
            "native": 1,
            "doorhooks": [
                {
                    "x": 0.0652313232421875,
                    "y": -6.8347015380859375,
                    "z": 0.04324007034301758,
                    "rotation": 180,
                    "door": 0,
                    "edge": 20
                }
            ]
        },
        {
            "name": "Room 7",
            "id": "room_7",
            "native": 1,
            "doorhooks": [
                {
                    "x": -0.3602142333984375,
                    "y": -7.501655578613281,
                    "z": 0.0433201789855957,
                    "rotation": 180,
                    "door": 0,
                    "edge": 20
                }
            ]
        }
    ],
    "doors": [
        {
            "utd_k1": "door0_k1",
            "utd_k2": "door0_k2",
            "width": 3.6,
            "height": 2.5
        }
    ]
}