{
    "name": "Endar Spire",
    "id": "endarspire",
    "ht": "3.0.0",
    "version": 1,
    "components": [
        {
            "name": "Bridge 1",
            "id": "bridge_1",
            "native": 1,
            "doorhooks": [
                {
                    "x": 5.43065071105957,
                    "y": -11.02018928527832,
                    "z": -4.76837158203125e-07,
                    "rotation": 180,
                    "door": 0,
                    "edge": 21
                },
                {
                    "x": -4.943489074707031,
                    "y": -11.019689559936523,
                    "z": 9.5367431640625e-07,
                    "rotation": 180,
                    "door": 0,
                    "edge": 20
                },
                {
                    "x": -4.943489074707031,
                    "y": -11.019689559936523,
                    "z": 9.5367431640625e-07,
                    "rotation": 180,
                    "door": 0,
                    "edge": 20
                }
            ]
        },
        {
            "name": "Crew Quarters",
            "id": "crew_quarters",
            "native": 1,
            "doorhooks": [
                {
                    "x": 5.330830097198486,
                    "y": -1.521518349647522,
                    "z": -1.274999976158142,
                    "rotation": 270,
                    "door": 0,
                    "edge": 20
                }
            ]
        },
        {
            "name": "Escape Pods",
            "id": "escape_pods",
            "native": 1,
            "doorhooks": [
                {
                    "x": 0.1819305419921875,
                    "y": 9.362838745117188,
                    "z": 2.682209014892578e-06,
                    "rotation": 0,
                    "door": 0,
                    "edge": 20
                }
            ]
        },
        {
            "name": "Hallway 1",
            "id": "hallway_1",
            "native": 1,
            "doorhooks": [
                {
                    "x": 9.937175750732422,
                    "y": 0.005936145782470703,
                    "z": -1.2749992609024048,
                    "rotation": 270,
                    "door": 0,
                    "edge": 21
                },
                {
                    "x": -9.568601608276367,
                    "y": 0.005906105041503906,
                    "z": -1.2749991416931152,
                    "rotation": 0,
                    "door": 0,
                    "edge": 20
                }
            ]
        },
        {
            "name": "Hallway 3",
            "id": "hallway_3",
            "native": 1,
            "doorhooks": [
                {
                    "x": -1.4120745658874512,
                    "y": -0.04632048308849335,
                    "z": 0.0,
                    "rotation": 90,
                    "door": 0,
                    "edge": 21
                },
                {
                    "x": 1.437917709350586,
                    "y": -0.04632048308849335,
                    "z": 0.0,
                    "rotation": 270,
                    "door": 0,
                    "edge": 20
                }
            ]
        },
        {
            "name": "Junction 1",
            "id": "junction_1",
            "native": 1,
            "doorhooks": [
                {
                    "x": -1.9566383361816406,
                    "y": 25.496383666992188,
                    "z": -0.03956902027130127,
                    "rotation": 0,
                    "door": 0,
                    "edge": 21
                },
                {
                    "x": 12.716365814208984,
                    "y": -13.399909973144531,
                    "z": -1.2749990224838257,
                    "rotation": 180,
                    "door": 0,
                    "edge": 20
                }
            ]
        },
        {
            "name": "Junction 2",
            "id": "junction_2",
            "native": 1,
            "doorhooks": [
                {
                    "x": -3.817005157470703,
                    "y": -5.6899871826171875,
                    "z": 9.5367431640625e-07,
                    "rotation": 180,
                    "door": 0,
                    "edge": 22
                },
                {
                    "x": 6.7706756591796875,
                    "y": -14.710342407226562,
                    "z": 9.5367431640625e-07,
                    "rotation": 180,
                    "door": 0,
                    "edge": 21
                },
                {
                    "x": 6.770673751831055,
                    "y": 14.880134582519531,
                    "z": 9.5367431640625e-07,
                    "rotation": 0,
                    "door": 0,
                    "edge": 20
                }
            ]
        },
        {
            "name": "Junction 3",
            "id": "junction_3",
            "native": 1,
            "doorhooks": [
                {
                    "x": -0.10367965698242188,
                    "y": -21.90111541748047,
                    "z": 5.960464477539062e-07,
                    "rotation": 180,
                    "door": 0,
                    "edge": 22
                },
                {
                    "x": 14.569305419921875,
                    "y": -21.901107788085938,
                    "z": 2.0575482722051675e-06,
                    "rotation": 180,
                    "door": 0,
                    "edge": 21
                },
                {
                    "x": -14.81302261352539,
                    "y": 16.959556579589844,
                    "z": 7.152557373046875e-07,
                    "rotation": 90,
                    "door": 0,
                    "edge": 20
                }
            ]
        },
        {
            "name": "Room 1",
            "id": "room_1",
            "native": 1,
            "doorhooks": [
                {
                    "x": 1.4149435758590698,
                    "y": -8.081506729125977,
                    "z": -1.2749990224838257,
                    "rotation": 180,
                    "door": 0,
                    "edge": 21
                },
                {
                    "x": -1.301975965499878,
                    "y": 7.8967719078063965,
                    "z": -1.2749990224838257,
                    "rotation": 0,
                    "door": 0,
                    "edge": 20
                }
            ]
        },
        {
            "name": "Room 2",
            "id": "room_2",
            "native": 1,
            "doorhooks": [
                {
                    "x": 1.7577056884765625,
                    "y": -8.90313720703125,
                    "z": 9.5367431640625e-07,
                    "rotation": 180,
                    "door": 0,
                    "edge": 22
                },
                {
                    "x": 6.898845672607422,
                    "y": 1.9078521728515625,
                    "z": 9.5367431640625e-07,
                    "rotation": 270,
                    "door": 0,
                    "edge": 21
                },
                {
                    "x": -0.9592323303222656,
                    "y": 7.075141906738281,
                    "z": 9.5367431640625e-07,
                    "rotation": 0,
                    "door": 0,
                    "edge": 20
                }
            ]
        },
        {
            "name": "Room 3",
            "id": "room_3",
            "native": 1,
            "doorhooks": [
                {
                    "x": 0.09063875675201416,
                    "y": -5.09577751159668,
                    "z": 9.5367431640625e-07,
                    "rotation": 180,
                    "door": 0,
                    "edge": 21
                },
                {
                    "x": 0.0906386598944664,
                    "y": 5.146740436553955,
                    "z": 9.5367431640625e-07,
                    "rotation": 0,
                    "door": 0,
                    "edge": 20
                }
            ]
        },
        {
            "name": "Room 4",
            "id": "room_4",
            "native": 1,
            "doorhooks": [
                {
                    "x": 1.5350112915039062,
                    "y": -8.684722900390625,
                    "z": 8.940696716308594e-07,
                    "rotation": 180,
                    "door": 0,
                    "edge": 21
                },
                {
                    "x": -1.1819000244140625,
                    "y": 7.465297698974609,
                    "z": 2.980232238769531e-07,
                    "rotation": 0,
                    "door": 0,
                    "edge": 20
                }
            ]
        }
    ],
    "doors": [
        {
            "utd_k1": "door0_k1",
            "utd_k2": "door0_k2",
            "width": 6.6,
            "height": 2.5
        }
    ]
}