{
    "name": "Hidden Bek",
    "id": "hiddenbek",
    "ht": "3.0.0",
    "version": 1,
    "components": [
        {
            "name": "Elevator 1",
            "id": "elevator_1",
            "native": 1,
            "doorhooks": [
                {
                    "x": 0.04085344821214676,
                    "y": 2.622291088104248,
                    "z": 0.04607510566711426,
                    "rotation": 0,
                    "door": 0,
                    "edge": 20
                }
            ]
        },
        {
            "name": "Hallway 1",
            "id": "hallway_1",
            "native": 1,
            "doorhooks": [
                {
                    "x": 0.05383610725402832,
                    "y": -6.946587562561035,
                    "z": 0.043215274810791016,
                    "rotation": 180,
                    "door": 0,
                    "edge": 21
                },
                {
                    "x": 0.05616605281829834,
                    "y": 7.30339241027832,
                    "z": 0.043225109577178955,
                    "rotation": 0,
                    "door": 0,
                    "edge": 20
                }
            ]
        },
        {
            "name": "Junction 1",
            "id": "junction_1",
            "native": 1,
            "doorhooks": [
                {
                    "x": -15.150215148925781,
                    "y": -0.2701151371002197,
                    "z": 0.04328012466430664,
                    "rotation": 180,
                    "door": 0,
                    "edge": 22
                },
                {
                    "x": 6.012569904327393,
                    "y": -11.767950057983398,
                    "z": 0.04328012466430664,
                    "rotation": 270,
                    "door": 0,
                    "edge": 21
                },
                {
                    "x": -7.680402755737305,
                    "y": 7.656939506530762,
                    "z": 0.04328012466430664,
                    "rotation": 0,
                    "door": 0,
                    "edge": 20
                }
            ]
        },
        {
            "name": "Large Room 1",
            "id": "large_room_1",
            "native": 1,
            "doorhooks": [
                {
                    "x": -20.658260345458984,
                    "y": -2.9729249477386475,
                    "z": 0.043205440044403076,
                    "rotation": 90,
                    "door": 0,
                    "edge": 24
                },
                {
                    "x": -10.893299102783203,
                    "y": -9.04184341430664,
                    "z": 0.04318499565124512,
                    "rotation": 180,
                    "door": 0,
                    "edge": 23
                },
                {
                    "x": 11.606689453125,
                    "y": -30.606300354003906,
                    "z": 0.04322504997253418,
                    "rotation": 180,
                    "door": 0,
                    "edge": 22
                },
                {
                    "x": 42.72414779663086,
                    "y": -13.791165351867676,
                    "z": 0.043225228786468506,
                    "rotation": 0,
                    "door": 0,
                    "edge": 21
                },
                {
                    "x": 15.281700134277344,
                    "y": 9.708701133728027,
                    "z": 0.04318499565124512,
                    "rotation": 0,
                    "door": 0,
                    "edge": 20
                }
            ]
        },
        {
            "name": "Large Room 2",
            "id": "large_room_2",
            "native": 1,
            "doorhooks": [
                {
                    "x": 0.02340865135192871,
                    "y": -8.537835121154785,
                    "z": 0.04595524072647095,
                    "rotation": 180,
                    "door": 0,
                    "edge": 23
                },
                {
                    "x": -16.696382522583008,
                    "y": -17.870586395263672,
                    "z": 0.04328542947769165,
                    "rotation": 90,
                    "door": 0,
                    "edge": 22
                },
                {
                    "x": 3.8203587532043457,
                    "y": -23.543825149536133,
                    "z": 0.04328501224517822,
                    "rotation": 180,
                    "door": 0,
                    "edge": 21
                },
                {
                    "x": 16.912616729736328,
                    "y": -10.409780502319336,
                    "z": 0.04377502202987671,
                    "rotation": 270,
                    "door": 0,
                    "edge": 20
                }
            ]
        },
        {
            "name": "Office 1",
            "id": "office_1",
            "native": 1,
            "doorhooks": [
                {
                    "x": 0.025940299034118652,
                    "y": 12.145159721374512,
                    "z": 0.04324609041213989,
                    "rotation": 0,
                    "door": 0,
                    "edge": 20
                }
            ]
        },
        {
            "name": "Office 2",
            "id": "office_2",
            "native": 1,
            "doorhooks": [
                {
                    "x": 0.2603999972343445,
                    "y": 7.59480094909668,
                    "z": 0.043074965476989746,
                    "rotation": 0,
                    "door": 0,
                    "edge": 20
                }
            ]
        },
        {
            "name": "Room 1",
            "id": "room_1",
            "native": 1,
            "doorhooks": [
                {
                    "x": 2.242382764816284,
                    "y": -10.948018074035645,
                    "z": 0.04335486888885498,
                    "rotation": 180,
                    "door": 0,
                    "edge": 21
                },
                {
                    "x": 2.259814500808716,
                    "y": 19.675352096557617,
                    "z": 0.04323524236679077,
                    "rotation": 0,
                    "door": 0,
                    "edge": 20
                }
            ]
        },
        {
            "name": "Room 2",
            "id": "room_2",
            "native": 1,
            "doorhooks": [
                {
                    "x": 5.8162431716918945,
                    "y": -9.622480392456055,
                    "z": 0.04330498352646828,
                    "rotation": 270,
                    "door": 0,
                    "edge": 21
                },
                {
                    "x": -0.08553266525268555,
                    "y": 20.253337860107422,
                    "z": 0.04315507411956787,
                    "rotation": 0,
                    "door": 0,
                    "edge": 20
                }
            ]
        },
        {
            "name": "Room 3",
            "id": "room_3",
            "native": 1,
            "doorhooks": [
                {
                    "x": -0.36173081398010254,
                    "y": -7.504032135009766,
                    "z": 0.04331514239311218,
                    "rotation": 180,
                    "door": 0,
                    "edge": 20
                }
            ]
        },
        {
            "name": "Room 4",
            "id": "room_4",
            "native": 1,
            "doorhooks": [
                {
                    "x": -7.510005474090576,
                    "y": 0.35940098762512207,
                    "z": 0.043182969093322754,
                    "rotation": 90,
                    "door": 0,
                    "edge": 21
                },
                {
                    "x": 6.836831092834473,
                    "y": -5.621435165405273,
                    "z": 0.04323554039001465,
                    "rotation": 180,
                    "door": 0,
                    "edge": 20
                }
            ]
        }
    ],
    "doors": [
        {
            "utd_k1": "door0_k1",
            "utd_k2": "door0_k2",
            "width": 3.6,
            "height": 2.5
        }
    ]
}